Google_Voice,39-0,
Google_Sites,71-0,
Chromecast,86-0,
Ames_Research_Center,41-0,
Gmail_Motion,102-0,
NORAD_Tracks_Santa,45-0,
DeepMind_Technologies,50-0,
Blogger_(service),23-0,
111_Eighth_Avenue,97-0,
Google_Instant,59-0,
Microsoft,33-0,
MySpace,44-0,
Google_Developers,93-0,
Speech_recognition,78-0,
Google_Play,70-0,
Lenovo,51-0,
Google,0-0,
Nexus_One,81-0,
Smartphone_applications,98-0,
Google_Chrome_OS,83-0,
Chrome_OS,17-0,
YouTube,22-0,
AdWords,3-0,
Marissa_Mayer,96-0,
Web_search_engine,2-0,
Machine_translation,77-0,
Alphabet_Inc.,7-0,
Google_Chrome,13-0,
AdSense_for_Mobile,43-0,
Hi-Tech_Employee_class_action_lawsuit,30-0,
Google_(verb),31-0,
Google_Groups,68-0,
Google_Nexus,20-0,
Google_Goggles,84-0,
Android_4.4,89-0,
Google_Home,91-0,
Google_Data_Centers,54-0,
Quickoffice,48-0,
Google_Shopping_Express,87-0,
Google_Code,64-0,
Google_Wave,82-0,
On2_Technologies,40-0,
Keyhole_Inc,34-0,
Chromebook,19-0,
Google_Search_Appliance,72-0,
Google_Docs,_Sheets,_and_Slides,106-0,
Gmail,10-0,
Yahoo!,29-0,
Google%2B,12-0,
PageRank,25-0,
Steve_Ballmer,63-0,
Google_Play_Store,90-0,
Google_Analytics,36-0,
Keyhole,_Inc,105-0,
Muscular_(surveillance_program),55-0,
Andy_Bechtolsheim,27-0,
DoubleClick,37-0,
Authors_Guild,61-0,
Google_Energy,46-0,
Google_Earth,35-0,
Google_News,69-0,
Bing,62-0,
Search_engine,88-0,
Google_APIs,92-0,
Google_Wallet,85-0,
IPhone,79-0,
Google_Docs_Sheets,67-0,
TiSP,100-0,
Facebook,32-0,
Motorola_Mobility,47-0,
Google%2B_Hangouts,15-0,
Gmail_Paper,101-0,
Google_Labs,94-0,
Don%27t_be_evil,24-0,
Google_Fiber,21-0,
AtGoogleTalks,103-0,
Google_Books,60-0,
T-Mobile_G1,80-0,
Google_Drive,11-0,
Susan_Wojcicki,26-0,
Waze,49-0,
Google%27s_hoaxes#2000,99-0,
Sheryl_Sandberg,95-0,
Field_v._Google,58-0,
Postini,75-0,
GrandCentral,38-0,
Android_(operating_system),16-0,
Google_Translate,76-0,
Google_Hangouts,65-0,
Quest_Visual,52-0,
Googleplex,6-0,
AOL,42-0,
Google_Docs,9-0,
Sergey_Brin,5-0,
Google_Calendar,66-0,
Google_Apps,74-0,
Larry_Page,4-0,
Click_fraud,57-0,
Eric_Schmidt,28-0,
Google_Photos,14-0,
Songza,53-0,
AdSense,56-0,
Google_Search,8-0,
Netbook,18-0,
Google_Mini,73-0,
Online_advertising,1-0,
